{"cameraMode":{"drawMode":0,"name":"Shaded","section":"Shading Mode"},"sceneLighting":false,"audioPlay":false,"sceneViewState":{"showFog":true,"showMaterialUpdate":false,"showSkybox":true,"showFlares":true,"showImageEffects":true,"showParticleSystems":true},"in2DMode":false,"pivot":{"x":-78.0561294555664,"y":8.78335952758789,"z":532.231201171875},"rotation":{"x":0.004911420401185751,"y":-0.9834006428718567,"z":0.026921115815639497,"w":0.17937208712100984},"size":41.606632232666019,"orthographic":false}