{"cameraMode":{"drawMode":0,"name":"Shaded","section":"Shading Mode"},"sceneLighting":false,"audioPlay":false,"sceneViewState":{"showFog":true,"showMaterialUpdate":false,"showSkybox":true,"showFlares":true,"showImageEffects":true,"showParticleSystems":true},"in2DMode":false,"pivot":{"x":4.692955017089844,"y":8.959491729736329,"z":324.7225036621094},"rotation":{"x":0.04530307650566101,"y":0.04513527452945709,"z":-0.002049925969913602,"w":0.9979510307312012},"size":40.55158996582031,"orthographic":false}