{"cameraMode":{"drawMode":0,"name":"Shaded","section":"Shading Mode"},"sceneLighting":false,"audioPlay":false,"sceneViewState":{"showFog":true,"showMaterialUpdate":false,"showSkybox":true,"showFlares":true,"showImageEffects":true,"showParticleSystems":true},"in2DMode":false,"pivot":{"x":2.0,"y":-2.3841863594498138e-7,"z":-2.0000007152557375},"rotation":{"x":-0.011631862260401249,"y":0.987286388874054,"z":-0.13291653990745545,"w":-0.08639172464609146},"size":9.333813667297364,"orthographic":false}